{
  "thumb": {
    "min": 0.3480625214115272,
    "max": 1.4060639995535553
  },
  "index": {
    "min": 1.9167815149475949,
    "max": 4.193810198982818
  },
  "middle": {
    "min": 1.8523052985305233,
    "max": 4.462031306710805
  },
  "ring": {
    "min": 1.7025200312825965,
    "max": 4.222706152223146
  },
  "pinky": {
    "min": 1.8401917135077077,
    "max": 3.6179472456657713
  }
}